File Name,File Path
01.初识Python.md,D:\desktop\Python-100-Days-master\Day01-15\01.初识Python.md
02.语言元素.md,D:\desktop\Python-100-Days-master\Day01-15\02.语言元素.md
03.分支结构.md,D:\desktop\Python-100-Days-master\Day01-15\03.分支结构.md
04.循环结构.md,D:\desktop\Python-100-Days-master\Day01-15\04.循环结构.md
05.构造程序逻辑.md,D:\desktop\Python-100-Days-master\Day01-15\05.构造程序逻辑.md
06.函数和模块的使用.md,D:\desktop\Python-100-Days-master\Day01-15\06.函数和模块的使用.md
07.字符串和常用数据结构.md,D:\desktop\Python-100-Days-master\Day01-15\07.字符串和常用数据结构.md
08.面向对象编程基础.md,D:\desktop\Python-100-Days-master\Day01-15\08.面向对象编程基础.md
09.面向对象进阶.md,D:\desktop\Python-100-Days-master\Day01-15\09.面向对象进阶.md
10.图形用户界面和游戏开发.md,D:\desktop\Python-100-Days-master\Day01-15\10.图形用户界面和游戏开发.md
11.文件和异常.md,D:\desktop\Python-100-Days-master\Day01-15\11.文件和异常.md
12.字符串和正则表达式.md,D:\desktop\Python-100-Days-master\Day01-15\12.字符串和正则表达式.md
13.进程和线程.md,D:\desktop\Python-100-Days-master\Day01-15\13.进程和线程.md
14.网络编程入门和网络应用开发.md,D:\desktop\Python-100-Days-master\Day01-15\14.网络编程入门和网络应用开发.md
15.图像和办公文档处理.md,D:\desktop\Python-100-Days-master\Day01-15\15.图像和办公文档处理.md
flag.py,D:\desktop\Python-100-Days-master\Day01-15\code\Day01\flag.py
hello.py,D:\desktop\Python-100-Days-master\Day01-15\code\Day01\hello.py
peppa_pig.py,D:\desktop\Python-100-Days-master\Day01-15\code\Day01\peppa_pig.py
centigrade.py,D:\desktop\Python-100-Days-master\Day01-15\code\Day02\centigrade.py
circle.py,D:\desktop\Python-100-Days-master\Day01-15\code\Day02\circle.py
leap.py,D:\desktop\Python-100-Days-master\Day01-15\code\Day02\leap.py
operator.py,D:\desktop\Python-100-Days-master\Day01-15\code\Day02\operator.py
strings.py,D:\desktop\Python-100-Days-master\Day01-15\code\Day02\strings.py
variable1.py,D:\desktop\Python-100-Days-master\Day01-15\code\Day02\variable1.py
variable2.py,D:\desktop\Python-100-Days-master\Day01-15\code\Day02\variable2.py
variable3.py,D:\desktop\Python-100-Days-master\Day01-15\code\Day02\variable3.py
variable4.py,D:\desktop\Python-100-Days-master\Day01-15\code\Day02\variable4.py
variable5.py,D:\desktop\Python-100-Days-master\Day01-15\code\Day02\variable5.py
conversion.py,D:\desktop\Python-100-Days-master\Day01-15\code\Day03\conversion.py
grade.py,D:\desktop\Python-100-Days-master\Day01-15\code\Day03\grade.py
piecewise.py,D:\desktop\Python-100-Days-master\Day01-15\code\Day03\piecewise.py
rolldice.py,D:\desktop\Python-100-Days-master\Day01-15\code\Day03\rolldice.py
tax.py,D:\desktop\Python-100-Days-master\Day01-15\code\Day03\tax.py
triangle.py,D:\desktop\Python-100-Days-master\Day01-15\code\Day03\triangle.py
verify.py,D:\desktop\Python-100-Days-master\Day01-15\code\Day03\verify.py
for1.py,D:\desktop\Python-100-Days-master\Day01-15\code\Day04\for1.py
for2.py,D:\desktop\Python-100-Days-master\Day01-15\code\Day04\for2.py
for3.py,D:\desktop\Python-100-Days-master\Day01-15\code\Day04\for3.py
for4.py,D:\desktop\Python-100-Days-master\Day01-15\code\Day04\for4.py
for5.py,D:\desktop\Python-100-Days-master\Day01-15\code\Day04\for5.py
for6.py,D:\desktop\Python-100-Days-master\Day01-15\code\Day04\for6.py
while1.py,D:\desktop\Python-100-Days-master\Day01-15\code\Day04\while1.py
while2.py,D:\desktop\Python-100-Days-master\Day01-15\code\Day04\while2.py
chicken.py,D:\desktop\Python-100-Days-master\Day01-15\code\Day05\chicken.py
craps.py,D:\desktop\Python-100-Days-master\Day01-15\code\Day05\craps.py
fibonacci.py,D:\desktop\Python-100-Days-master\Day01-15\code\Day05\fibonacci.py
guess.py,D:\desktop\Python-100-Days-master\Day01-15\code\Day05\guess.py
lily.py,D:\desktop\Python-100-Days-master\Day01-15\code\Day05\lily.py
palindrome.py,D:\desktop\Python-100-Days-master\Day01-15\code\Day05\palindrome.py
perfect.py,D:\desktop\Python-100-Days-master\Day01-15\code\Day05\perfect.py
prime.py,D:\desktop\Python-100-Days-master\Day01-15\code\Day05\prime.py
table.py,D:\desktop\Python-100-Days-master\Day01-15\code\Day05\table.py
function1.py,D:\desktop\Python-100-Days-master\Day01-15\code\Day06\function1.py
function2.py,D:\desktop\Python-100-Days-master\Day01-15\code\Day06\function2.py
function3.py,D:\desktop\Python-100-Days-master\Day01-15\code\Day06\function3.py
function4.py,D:\desktop\Python-100-Days-master\Day01-15\code\Day06\function4.py
function5.py,D:\desktop\Python-100-Days-master\Day01-15\code\Day06\function5.py
function6.py,D:\desktop\Python-100-Days-master\Day01-15\code\Day06\function6.py
avgscore.py,D:\desktop\Python-100-Days-master\Day01-15\code\Day07\avgscore.py
dict1.py,D:\desktop\Python-100-Days-master\Day01-15\code\Day07\dict1.py
dict2.py,D:\desktop\Python-100-Days-master\Day01-15\code\Day07\dict2.py
fibonacci.py,D:\desktop\Python-100-Days-master\Day01-15\code\Day07\fibonacci.py
findmax.py,D:\desktop\Python-100-Days-master\Day01-15\code\Day07\findmax.py
list1.py,D:\desktop\Python-100-Days-master\Day01-15\code\Day07\list1.py
list2.py,D:\desktop\Python-100-Days-master\Day01-15\code\Day07\list2.py
list3.py,D:\desktop\Python-100-Days-master\Day01-15\code\Day07\list3.py
lottery.py,D:\desktop\Python-100-Days-master\Day01-15\code\Day07\lottery.py
marquee.py,D:\desktop\Python-100-Days-master\Day01-15\code\Day07\marquee.py
scoretable.py,D:\desktop\Python-100-Days-master\Day01-15\code\Day07\scoretable.py
set1.py,D:\desktop\Python-100-Days-master\Day01-15\code\Day07\set1.py
set2.py,D:\desktop\Python-100-Days-master\Day01-15\code\Day07\set2.py
tic-tac-toe.py,D:\desktop\Python-100-Days-master\Day01-15\code\Day07\tic-tac-toe.py
tuple.py,D:\desktop\Python-100-Days-master\Day01-15\code\Day07\tuple.py
yanghui.py,D:\desktop\Python-100-Days-master\Day01-15\code\Day07\yanghui.py
access.py,D:\desktop\Python-100-Days-master\Day01-15\code\Day08\access.py
circle.py,D:\desktop\Python-100-Days-master\Day01-15\code\Day08\circle.py
clock.py,D:\desktop\Python-100-Days-master\Day01-15\code\Day08\clock.py
guess.py,D:\desktop\Python-100-Days-master\Day01-15\code\Day08\guess.py
hack.py,D:\desktop\Python-100-Days-master\Day01-15\code\Day08\hack.py
rect.py,D:\desktop\Python-100-Days-master\Day01-15\code\Day08\rect.py
student.py,D:\desktop\Python-100-Days-master\Day01-15\code\Day08\student.py
association.py,D:\desktop\Python-100-Days-master\Day01-15\code\Day09\association.py
car1.py,D:\desktop\Python-100-Days-master\Day01-15\code\Day09\car1.py
car2.py,D:\desktop\Python-100-Days-master\Day01-15\code\Day09\car2.py
clock.py,D:\desktop\Python-100-Days-master\Day01-15\code\Day09\clock.py
dependency.py,D:\desktop\Python-100-Days-master\Day01-15\code\Day09\dependency.py
diamond.py,D:\desktop\Python-100-Days-master\Day01-15\code\Day09\diamond.py
employee.py,D:\desktop\Python-100-Days-master\Day01-15\code\Day09\employee.py
multi.py,D:\desktop\Python-100-Days-master\Day01-15\code\Day09\multi.py
pet.py,D:\desktop\Python-100-Days-master\Day01-15\code\Day09\pet.py
rational.py,D:\desktop\Python-100-Days-master\Day01-15\code\Day09\rational.py
shape.py,D:\desktop\Python-100-Days-master\Day01-15\code\Day09\shape.py
triangle.py,D:\desktop\Python-100-Days-master\Day01-15\code\Day09\triangle.py
ball.py,D:\desktop\Python-100-Days-master\Day01-15\code\Day10\ball.py
gui1.py,D:\desktop\Python-100-Days-master\Day01-15\code\Day10\gui1.py
gui2.py,D:\desktop\Python-100-Days-master\Day01-15\code\Day10\gui2.py
gui3.py,D:\desktop\Python-100-Days-master\Day01-15\code\Day10\gui3.py
renju.py,D:\desktop\Python-100-Days-master\Day01-15\code\Day10\renju.py
snake.py,D:\desktop\Python-100-Days-master\Day01-15\code\Day10\snake.py
turtle1.py,D:\desktop\Python-100-Days-master\Day01-15\code\Day10\turtle1.py
csv1.py,D:\desktop\Python-100-Days-master\Day01-15\code\Day11\csv1.py
csv2.py,D:\desktop\Python-100-Days-master\Day01-15\code\Day11\csv2.py
ex1.py,D:\desktop\Python-100-Days-master\Day01-15\code\Day11\ex1.py
ex2.py,D:\desktop\Python-100-Days-master\Day01-15\code\Day11\ex2.py
ex3.py,D:\desktop\Python-100-Days-master\Day01-15\code\Day11\ex3.py
ex4.py,D:\desktop\Python-100-Days-master\Day01-15\code\Day11\ex4.py
example.csv,D:\desktop\Python-100-Days-master\Day01-15\code\Day11\example.csv
file1.py,D:\desktop\Python-100-Days-master\Day01-15\code\Day11\file1.py
file2.py,D:\desktop\Python-100-Days-master\Day01-15\code\Day11\file2.py
file3.py,D:\desktop\Python-100-Days-master\Day01-15\code\Day11\file3.py
file4.py,D:\desktop\Python-100-Days-master\Day01-15\code\Day11\file4.py
json1.py,D:\desktop\Python-100-Days-master\Day01-15\code\Day11\json1.py
json2.py,D:\desktop\Python-100-Days-master\Day01-15\code\Day11\json2.py
mm.jpg,D:\desktop\Python-100-Days-master\Day01-15\code\Day11\mm.jpg
pi_million_digits.txt,D:\desktop\Python-100-Days-master\Day01-15\code\Day11\pi_million_digits.txt
teacher.csv,D:\desktop\Python-100-Days-master\Day01-15\code\Day11\teacher.csv
致橡树.txt,D:\desktop\Python-100-Days-master\Day01-15\code\Day11\致橡树.txt
str1.py,D:\desktop\Python-100-Days-master\Day01-15\code\Day12\str1.py
str2.py,D:\desktop\Python-100-Days-master\Day01-15\code\Day12\str2.py
test3.py,D:\desktop\Python-100-Days-master\Day01-15\code\Day12\test3.py
test4.py,D:\desktop\Python-100-Days-master\Day01-15\code\Day12\test4.py
test5.py,D:\desktop\Python-100-Days-master\Day01-15\code\Day12\test5.py
asyncio1.py,D:\desktop\Python-100-Days-master\Day01-15\code\Day13\asyncio1.py
asyncio2.py,D:\desktop\Python-100-Days-master\Day01-15\code\Day13\asyncio2.py
asyncio3.py,D:\desktop\Python-100-Days-master\Day01-15\code\Day13\asyncio3.py
coroutine1.py,D:\desktop\Python-100-Days-master\Day01-15\code\Day13\coroutine1.py
coroutine2.py,D:\desktop\Python-100-Days-master\Day01-15\code\Day13\coroutine2.py
generator1.py,D:\desktop\Python-100-Days-master\Day01-15\code\Day13\generator1.py
generator2.py,D:\desktop\Python-100-Days-master\Day01-15\code\Day13\generator2.py
multiprocess1.py,D:\desktop\Python-100-Days-master\Day01-15\code\Day13\multiprocess1.py
multiprocess2.py,D:\desktop\Python-100-Days-master\Day01-15\code\Day13\multiprocess2.py
multiprocess3.py,D:\desktop\Python-100-Days-master\Day01-15\code\Day13\multiprocess3.py
multiprocess4.py,D:\desktop\Python-100-Days-master\Day01-15\code\Day13\multiprocess4.py
multithread1.py,D:\desktop\Python-100-Days-master\Day01-15\code\Day13\multithread1.py
multithread2.py,D:\desktop\Python-100-Days-master\Day01-15\code\Day13\multithread2.py
multithread3.py,D:\desktop\Python-100-Days-master\Day01-15\code\Day13\multithread3.py
multithread4.py,D:\desktop\Python-100-Days-master\Day01-15\code\Day13\multithread4.py
multithread5.py,D:\desktop\Python-100-Days-master\Day01-15\code\Day13\multithread5.py
multithread6.py,D:\desktop\Python-100-Days-master\Day01-15\code\Day13\multithread6.py
singlethread1.py,D:\desktop\Python-100-Days-master\Day01-15\code\Day13\singlethread1.py
singlethread2.py,D:\desktop\Python-100-Days-master\Day01-15\code\Day13\singlethread2.py
test2.py,D:\desktop\Python-100-Days-master\Day01-15\code\Day13\test2.py
test3.py,D:\desktop\Python-100-Days-master\Day01-15\code\Day13\test3.py
chatclient.py,D:\desktop\Python-100-Days-master\Day01-15\code\Day14\chatclient.py
chatserver.py,D:\desktop\Python-100-Days-master\Day01-15\code\Day14\chatserver.py
fileclient.py,D:\desktop\Python-100-Days-master\Day01-15\code\Day14\fileclient.py
fileserver.py,D:\desktop\Python-100-Days-master\Day01-15\code\Day14\fileserver.py
guido.jpg,D:\desktop\Python-100-Days-master\Day01-15\code\Day14\guido.jpg
mmdownloader.py,D:\desktop\Python-100-Days-master\Day01-15\code\Day14\mmdownloader.py
socket1.py,D:\desktop\Python-100-Days-master\Day01-15\code\Day14\socket1.py
socket2.py,D:\desktop\Python-100-Days-master\Day01-15\code\Day14\socket2.py
socket3.py,D:\desktop\Python-100-Days-master\Day01-15\code\Day14\socket3.py
socket4.py,D:\desktop\Python-100-Days-master\Day01-15\code\Day14\socket4.py
socket5.py,D:\desktop\Python-100-Days-master\Day01-15\code\Day14\socket5.py
timeclient.py,D:\desktop\Python-100-Days-master\Day01-15\code\Day14\timeclient.py
timeserver.py,D:\desktop\Python-100-Days-master\Day01-15\code\Day14\timeserver.py
excel1.py,D:\desktop\Python-100-Days-master\Day01-15\code\Day15\excel1.py
excel2.py,D:\desktop\Python-100-Days-master\Day01-15\code\Day15\excel2.py
pdf1.py,D:\desktop\Python-100-Days-master\Day01-15\code\Day15\pdf1.py
pdf2.py,D:\desktop\Python-100-Days-master\Day01-15\code\Day15\pdf2.py
pillow1.py,D:\desktop\Python-100-Days-master\Day01-15\code\Day15\pillow1.py
word1.py,D:\desktop\Python-100-Days-master\Day01-15\code\Day15\word1.py
word2.py,D:\desktop\Python-100-Days-master\Day01-15\code\Day15\word2.py
Docker入门教程.pdf,D:\desktop\Python-100-Days-master\Day01-15\code\Day15\res\Docker入门教程.pdf
guido.jpg,D:\desktop\Python-100-Days-master\Day01-15\code\Day15\res\guido.jpg
luohao.png,D:\desktop\Python-100-Days-master\Day01-15\code\Day15\res\luohao.png
全班学生数据.xlsx,D:\desktop\Python-100-Days-master\Day01-15\code\Day15\res\全班学生数据.xlsx
学生明细表.xlsx,D:\desktop\Python-100-Days-master\Day01-15\code\Day15\res\学生明细表.xlsx
用函数还是用复杂的表达式.docx,D:\desktop\Python-100-Days-master\Day01-15\code\Day15\res\用函数还是用复杂的表达式.docx
after-browser.jpg,D:\desktop\Python-100-Days-master\Day01-15\res\after-browser.jpg
arpanet.png,D:\desktop\Python-100-Days-master\Day01-15\res\arpanet.png
ball-game.png,D:\desktop\Python-100-Days-master\Day01-15\res\ball-game.png
ball.png,D:\desktop\Python-100-Days-master\Day01-15\res\ball.png
before-browser.jpg,D:\desktop\Python-100-Days-master\Day01-15\res\before-browser.jpg
browers.jpg,D:\desktop\Python-100-Days-master\Day01-15\res\browers.jpg
browser-market-place.jpeg,D:\desktop\Python-100-Days-master\Day01-15\res\browser-market-place.jpeg
fibonacci-blocks.png,D:\desktop\Python-100-Days-master\Day01-15\res\fibonacci-blocks.png
file-open-mode.png,D:\desktop\Python-100-Days-master\Day01-15\res\file-open-mode.png
formula_1.png,D:\desktop\Python-100-Days-master\Day01-15\res\formula_1.png
formula_2.png,D:\desktop\Python-100-Days-master\Day01-15\res\formula_2.png
formula_3.png,D:\desktop\Python-100-Days-master\Day01-15\res\formula_3.png
formula_4.png,D:\desktop\Python-100-Days-master\Day01-15\res\formula_4.png
formula_5.png,D:\desktop\Python-100-Days-master\Day01-15\res\formula_5.png
formula_6.png,D:\desktop\Python-100-Days-master\Day01-15\res\formula_6.png
formula_7.png,D:\desktop\Python-100-Days-master\Day01-15\res\formula_7.png
formula_8.png,D:\desktop\Python-100-Days-master\Day01-15\res\formula_8.png
how-data-is-processed.jpg,D:\desktop\Python-100-Days-master\Day01-15\res\how-data-is-processed.jpg
image-crop.png,D:\desktop\Python-100-Days-master\Day01-15\res\image-crop.png
image-filter.png,D:\desktop\Python-100-Days-master\Day01-15\res\image-filter.png
image-paste.png,D:\desktop\Python-100-Days-master\Day01-15\res\image-paste.png
image-putpixel.png,D:\desktop\Python-100-Days-master\Day01-15\res\image-putpixel.png
image-rotate.png,D:\desktop\Python-100-Days-master\Day01-15\res\image-rotate.png
image-show.png,D:\desktop\Python-100-Days-master\Day01-15\res\image-show.png
image-thumbnail.png,D:\desktop\Python-100-Days-master\Day01-15\res\image-thumbnail.png
image-transpose.png,D:\desktop\Python-100-Days-master\Day01-15\res\image-transpose.png
ipython-timeit.png,D:\desktop\Python-100-Days-master\Day01-15\res\ipython-timeit.png
macos-monitor.png,D:\desktop\Python-100-Days-master\Day01-15\res\macos-monitor.png
object-feature.png,D:\desktop\Python-100-Days-master\Day01-15\res\object-feature.png
oop-zhihu.png,D:\desktop\Python-100-Days-master\Day01-15\res\oop-zhihu.png
osimodel.png,D:\desktop\Python-100-Days-master\Day01-15\res\osimodel.png
osi_rm.gif,D:\desktop\Python-100-Days-master\Day01-15\res\osi_rm.gif
python-idle.png,D:\desktop\Python-100-Days-master\Day01-15\res\python-idle.png
python-ipython.png,D:\desktop\Python-100-Days-master\Day01-15\res\python-ipython.png
python-jupyter-1.png,D:\desktop\Python-100-Days-master\Day01-15\res\python-jupyter-1.png
python-jupyter-2.png,D:\desktop\Python-100-Days-master\Day01-15\res\python-jupyter-2.png
python-pycharm.png,D:\desktop\Python-100-Days-master\Day01-15\res\python-pycharm.png
python-set.png,D:\desktop\Python-100-Days-master\Day01-15\res\python-set.png
python-sublime.png,D:\desktop\Python-100-Days-master\Day01-15\res\python-sublime.png
TCP-IP-model.png,D:\desktop\Python-100-Days-master\Day01-15\res\TCP-IP-model.png
tcpipprotocols.png,D:\desktop\Python-100-Days-master\Day01-15\res\tcpipprotocols.png
tel-start-number.png,D:\desktop\Python-100-Days-master\Day01-15\res\tel-start-number.png
telnet.png,D:\desktop\Python-100-Days-master\Day01-15\res\telnet.png
uml-components.png,D:\desktop\Python-100-Days-master\Day01-15\res\uml-components.png
uml-example.png,D:\desktop\Python-100-Days-master\Day01-15\res\uml-example.png
