列1,列2,列3,列4
File Name,File Path,,
PEP8风格指南.md,番外篇\PEP8风格指南.md,[PEP8风格指南.md],(./番外篇\PEP8风格指南.md)
Python之禅的最佳翻译.md,番外篇\Python之禅的最佳翻译.md,[Python之禅的最佳翻译.md],(./番外篇\Python之禅的最佳翻译.md)
Python参考书籍.md,番外篇\Python参考书籍.md,[Python参考书籍.md],(./番外篇\Python参考书籍.md)
Python容器使用小技巧.md,番外篇\Python容器使用小技巧.md,[Python容器使用小技巧.md],(./番外篇\Python容器使用小技巧.md)
Python数据分析师面试题.md,番外篇\Python数据分析师面试题.md,[Python数据分析师面试题.md],(./番外篇\Python数据分析师面试题.md)
Python编程惯例.md,番外篇\Python编程惯例.md,[Python编程惯例.md],(./番外篇\Python编程惯例.md)
一个小例子助你彻底理解协程.md,番外篇\一个小例子助你彻底理解协程.md,[一个小例子助你彻底理解协程.md],(./番外篇\一个小例子助你彻底理解协程.md)
使用Hexo搭建自己的博客.md,番外篇\使用Hexo搭建自己的博客.md,[使用Hexo搭建自己的博客.md],(./番外篇\使用Hexo搭建自己的博客.md)
常见反爬策略及应对方案.md,番外篇\常见反爬策略及应对方案.md,[常见反爬策略及应对方案.md],(./番外篇\常见反爬策略及应对方案.md)
我为什么选择了Python.md,番外篇\我为什么选择了Python.md,[我为什么选择了Python.md],(./番外篇\我为什么选择了Python.md)
接口文档参考示例.md,番外篇\接口文档参考示例.md,[接口文档参考示例.md],(./番外篇\接口文档参考示例.md)
玩转PyCharm.md,番外篇\玩转PyCharm.md,[玩转PyCharm.md],(./番外篇\玩转PyCharm.md)
用函数还是用复杂的表达式.md,番外篇\用函数还是用复杂的表达式.md,[用函数还是用复杂的表达式.md],(./番外篇\用函数还是用复杂的表达式.md)
知乎问题回答.md,番外篇\知乎问题回答.md,[知乎问题回答.md],(./番外篇\知乎问题回答.md)
英语面试.md,番外篇\英语面试.md,[英语面试.md],(./番外篇\英语面试.md)
那些年我们踩过的那些坑.md,番外篇\那些年我们踩过的那些坑.md,[那些年我们踩过的那些坑.md],(./番外篇\那些年我们踩过的那些坑.md)
Test.java,D:\desktop\python学习网页\docs\study\番外篇\code\Test.java,,
test.py,D:\desktop\python学习网页\docs\study\番外篇\code\test.py,,
Test01.java,D:\desktop\python学习网页\docs\study\番外篇\code\Test01.java,,
test01.py,D:\desktop\python学习网页\docs\study\番外篇\code\test01.py,,
Test02.java,D:\desktop\python学习网页\docs\study\番外篇\code\Test02.java,,
test02.py,D:\desktop\python学习网页\docs\study\番外篇\code\test02.py,,
Test03.java,D:\desktop\python学习网页\docs\study\番外篇\code\Test03.java,,
test03.py,D:\desktop\python学习网页\docs\study\番外篇\code\test03.py,,
create-new-repo.png,D:\desktop\python学习网页\docs\study\番外篇\res\create-new-repo.png,,
dns-configuration.png,D:\desktop\python学习网页\docs\study\番外篇\res\dns-configuration.png,,
hexo-default-index.png,D:\desktop\python学习网页\docs\study\番外篇\res\hexo-default-index.png,,
int-is-comparation.png,D:\desktop\python学习网页\docs\study\番外篇\res\int-is-comparation.png,,
pycharm-activation.png,D:\desktop\python学习网页\docs\study\番外篇\res\pycharm-activation.png,,
pycharm-create-launcher.png,D:\desktop\python学习网页\docs\study\番外篇\res\pycharm-create-launcher.png,,
pycharm-import-settings.png,D:\desktop\python学习网页\docs\study\番外篇\res\pycharm-import-settings.png,,
pycharm-install-plugins.png,D:\desktop\python学习网页\docs\study\番外篇\res\pycharm-install-plugins.png,,
pycharm-installation.png,D:\desktop\python学习网页\docs\study\番外篇\res\pycharm-installation.png,,
pycharm-project-wizard.png,D:\desktop\python学习网页\docs\study\番外篇\res\pycharm-project-wizard.png,,
pycharm-run-result.png,D:\desktop\python学习网页\docs\study\番外篇\res\pycharm-run-result.png,,
pycharm-ui-themes.png,D:\desktop\python学习网页\docs\study\番外篇\res\pycharm-ui-themes.png,,
pycharm-welcome.png,D:\desktop\python学习网页\docs\study\番外篇\res\pycharm-welcome.png,,
pycharm-workspace.png,D:\desktop\python学习网页\docs\study\番外篇\res\pycharm-workspace.png,,
python-tutor-visualize.png,D:\desktop\python学习网页\docs\study\番外篇\res\python-tutor-visualize.png,,
python-tutor-visualize2.png,D:\desktop\python学习网页\docs\study\番外篇\res\python-tutor-visualize2.png,,
result-of-dis.png,D:\desktop\python学习网页\docs\study\番外篇\res\result-of-dis.png,,
wanwang.png,D:\desktop\python学习网页\docs\study\番外篇\res\wanwang.png,,
